<?xml version="1.0" encoding="UTF-8"?>
<!DOCTYPE module PUBLIC
    "-//Puppy Crawl//DTD Check Configuration 1.2//EN"
    "http://www.puppycrawl.com/dtds/configuration_1_2.dtd">

<!--
  Licensed under the Apache License, Version 2.0 (the "License");
  you may not use this file except in compliance with the License.
  You may obtain a copy of the License at

  http://www.apache.org/licenses/LICENSE-2.0

  Unless required by applicable law or agreed to in writing, software
  distributed under the License is distributed on an "AS IS" BASIS,
  WITHOUT WARRANTIES OR CONDITIONS OF ANY KIND, either express or implied.
  See the License for the specific language governing permissions and
  limitations under the License.
-->

<!--
  Checkstyle configuration that checks the sun coding conventions from:

    - the Java Language Specification at
      http://java.sun.com/docs/books/jls/second_edition/html/index.html

    - the Sun Code Conventions at http://java.sun.com/docs/codeconv/

    - the Javadoc guidelines at
      http://java.sun.com/j2se/javadoc/writingdoccomments/index.html

    - the JDK Api documentation http://java.sun.com/j2se/docs/api/index.html

    - some best practices

  Checkstyle is very configurable. Be sure to read the documentation at
  http://checkstyle.sf.net (or in your downloaded distribution).

  Most Checks are configurable, be sure to consult the documentation.
  To completely disable a check, just comment it out or delete it from the file.
  Finally, it is worth reading the documentation.
-->

<module name="Checker">
    <!-- Checks that each Java package has a Javadoc file used for commenting. -->
    <!-- See http://checkstyle.sf.net/config_javadoc.html#JavadocPackage       -->
    <module name="JavadocPackage">
      <property name="allowLegacy" value="true"/>
    </module>

    <!-- Checks that property files contain the same keys.         -->
    <!-- See http://checkstyle.sf.net/config_misc.html#Translation -->
    <module name="Translation"/>

    <module name="FileLength">
        <property name="max" value="3000"/>
    </module>

    <module name="FileTabCharacter">
        <property name="eachLine" value="true"/>
    </module>

    <module name="TreeWalker">

        <property name="cacheFile" value="${checkstyle.cache.file}"/>

        <!-- Checks for Javadoc comments.                     -->
        <!-- See http://checkstyle.sf.net/config_javadoc.html -->

        <module name="JavadocType">
          <property name="scope" value="public"/>
        </module>  

        <!-- 
        <module name="JavadocMethod"/>
        <module name="JavadocVariable"/>
        <module name="JavadocStyle"/>
        -->


        <!-- Checks for Naming Conventions.                  -->
        <!-- See http://checkstyle.sf.net/config_naming.html -->
        <module name="ConstantName"/>
        <module name="LocalFinalVariableName"/>
        <module name="LocalVariableName"/>
        <module name="MemberName"/>
        <module name="MethodName"/>
        <module name="PackageName"/>
        <module name="ParameterName"/>
        <module name="StaticVariableName"/>
        <module name="TypeName"/>

        <!-- Checks for imports                              -->
        <!-- See http://checkstyle.sf.net/config_import.html -->
        <module name="AvoidStarImport"/>
        <module name="IllegalImport"/> <!-- defaults to sun.* packages -->
        <module name="RedundantImport"/>
        <module name="UnusedImports"/>


        <!-- Checks for Size Violations.                    -->
        <!-- See http://checkstyle.sf.net/config_sizes.html -->

        <module name="LineLength">
          <property name="max" value="160" />
        </module>
        
        <module name="MethodLength">
          <property name="max" value="3000"/>
        </module>
        
        <module name="ParameterNumber">
          <property name="max" value="8"/>
        </module>



        <!-- Checks for whitespace                               -->
        <!-- See http://checkstyle.sf.net/config_whitespace.html -->
        
        <module name="EmptyForIteratorPad"/>
        <module name="MethodParamPad"/>
        <!-- module name="NoWhitespaceAfter"/> -->
        <module name="NoWhitespaceBefore"/>
        <module name="OperatorWrap"/>
        <module name="ParenPad"/>
        <module name="TypecastParenPad"/>
        <module name="WhitespaceAfter"/>
        <!-- <module name="WhitespaceAround"/> -->


        <!-- Modifier Checks                                    -->
        <!-- See http://checkstyle.sf.net/config_modifiers.html -->
        <module name="ModifierOrder"/>
        <module name="RedundantModifier"/>


        <!-- Checks for blocks. You know, those {}'s         -->
        <!-- See http://checkstyle.sf.net/config_blocks.html -->
        <module name="AvoidNestedBlocks"/>
        <!-- <module name="EmptyBlock"/> -->
        <module name="LeftCurly"/>
        <module name="NeedBraces"/>

        <!-- <module name="RightCurly"/> -->


        <!-- Checks for common coding problems               -->
        <!-- See http://checkstyle.sf.net/config_coding.html -->
        <!-- <module name="AvoidInlineConditionals"/> -->
        <!-- <module name="DoubleCheckedLocking"/> -->
        <module name="EmptyStatement"/>
        <module name="EqualsHashCode"/>
        <!-- <module name="HiddenField"/> -->

        <module name="IllegalInstantiation"/>
        <module name="InnerAssignment"/>
        <module name="MagicNumber">
            <property name="ignoreNumbers" value="-1, 0, 1, 2, 3, 4, 5, 6, 7, 8, 10, 255, 1000, 1024"/>
        </module>
        <module name="MissingSwitchDefault"/>
        <module name="RedundantThrows"/>
        <module name="SimplifyBooleanExpression"/>
        <module name="SimplifyBooleanReturn"/>

        <!-- Checks for class design                         -->
        <!-- See http://checkstyle.sf.net/config_design.html -->

        <!-- <module name="DesignForExtension"/> -->

        <module name="FinalClass"/>
        <module name="HideUtilityClassConstructor"/>
        <module name="InterfaceIsType"/>
        <module name="VisibilityModifier"/>


        <!-- Miscellaneous other checks.                   -->
        <!-- See http://checkstyle.sf.net/config_misc.html -->
        <module name="ArrayTypeStyle"/>

        <!-- <module name="FinalParameters"/> -->

        <module name="TodoComment"/>
        <module name="UpperEll"/>

    </module>

</module>
